ozone_id,estimate_generation,target_generation
1,170.65096,690.0
2,195.03586,340.0
12,189.49487,454.5
13,196.47208,315.0
18,181.36972,550.0
20,183.39606,522.5
