ozone_id,estimate_generation,target_generation
1,171.50603,690.0
2,195.3577,340.0
12,189.53825,454.5
13,196.88734,315.0
18,181.90842,550.0
20,183.09682,522.5
