cross_id,estimate_cross_count,target_cross_count
1,0.0,3.5
2,2.5202458,5.5
3,159.97491,296.5
4,221.97415,378.5
5,133.03845,158.0
6,166.01006,154.0
7,23.267273,22.5
8,150.10037,114.0
9,96.42444,128.0
10,269.03976,287.0
11,237.63539,412.5
12,69.8677,123.5
13,0.0,5.5
14,174.67596,282.5
15,90.20523,69.0
16,206.15903,155.0
17,127.455864,94.5
18,0.0,2.0
19,213.73132,186.0
20,15.26459,22.5
21,24.322931,14.5
22,43.060314,25.0
23,28.901009,24.0
24,27.707335,20.5
