cross_id,estimate_cross_count,target_cross_count
1,0.0,3.5
2,1.9982011,5.5
3,155.31201,296.5
4,228.7912,378.5
5,122.4923,158.0
6,154.86996,154.0
7,22.313725,22.5
8,136.97841,114.0
9,87.50661,128.0
10,250.66486,287.0
11,238.32637,412.5
12,83.20043,123.5
13,0.0,5.5
14,164.88333,282.5
15,79.48697,69.0
16,189.24948,155.0
17,121.828705,94.5
18,0.0,2.0
19,201.24667,186.0
20,13.206507,22.5
21,22.832682,14.5
22,36.925575,25.0
23,32.856968,24.0
24,29.177818,20.5
