cross_id,estimate_cross_count,target_cross_count
1,0.0,3.5
2,2.4040968,5.5
3,161.15503,296.5
4,221.94643,378.5
5,132.76785,158.0
6,163.85213,154.0
7,23.242018,22.5
8,148.24667,114.0
9,97.96874,128.0
10,268.70917,287.0
11,237.67139,412.5
12,71.00664,123.5
13,0.0,5.5
14,173.25435,282.5
15,89.96643,69.0
16,203.27269,155.0
17,126.10118,94.5
18,0.0,2.0
19,213.61894,186.0
20,15.47459,22.5
21,24.743668,14.5
22,42.542606,25.0
23,29.72818,24.0
24,28.753561,20.5
