ozone_id,estimate_generation,target_generation
1,170.47356,690.0
2,195.52512,340.0
12,189.47552,454.5
13,196.81274,315.0
18,181.22026,550.0
20,183.48637,522.5
