ozone_id,estimate_generation,target_generation
1,169.7142,690.0
2,196.73366,340.0
12,189.4094,454.5
13,197.59644,315.0
18,180.64201,550.0
20,183.82541,522.5
