ozone_id,estimate_generation,target_generation
1,170.3028,690.0
2,195.95926,340.0
12,189.4576,454.5
13,197.11304,315.0
18,181.07957,550.0
20,183.57108,522.5
