cross_id,estimate_cross_count,target_cross_count
1,0.0,3.5
2,2.643422,5.5
3,160.0917,296.5
4,225.50653,378.5
5,136.76251,158.0
6,164.56216,154.0
7,23.296854,22.5
8,148.10701,114.0
9,98.987,128.0
10,270.25613,287.0
11,235.85786,412.5
12,67.909004,123.5
13,0.0,5.5
14,173.2691,282.5
15,89.88288,69.0
16,205.0947,155.0
17,126.72533,94.5
18,0.0,2.0
19,213.04161,186.0
20,15.483147,22.5
21,25.555418,14.5
22,43.20753,25.0
23,30.697704,24.0
24,30.001415,20.5
