cross_id,estimate_cross_count,target_cross_count
1,0.0,3.5
2,2.0829952,5.5
3,153.89134,296.5
4,208.87442,378.5
5,124.46094,158.0
6,153.12213,154.0
7,22.065784,22.5
8,137.51485,114.0
9,91.914314,128.0
10,259.92908,287.0
11,229.50438,412.5
12,66.083755,123.5
13,0.0,5.5
14,166.80374,282.5
15,86.10939,69.0
16,192.75543,155.0
17,124.302025,94.5
18,0.0,2.0
19,211.32942,186.0
20,14.673003,22.5
21,25.061687,14.5
22,39.913097,25.0
23,29.077202,24.0
24,28.946507,20.5
