cross_id,estimate_cross_count,target_cross_count
1,0.0,3.5
2,2.0420923,5.5
3,139.97389,296.5
4,196.68138,378.5
5,113.50707,158.0
6,147.63692,154.0
7,19.478466,22.5
8,129.56906,114.0
9,79.789795,128.0
10,232.51549,287.0
11,212.77011,412.5
12,59.337418,123.5
13,0.0,5.5
14,157.99213,282.5
15,74.02184,69.0
16,187.87373,155.0
17,125.43031,94.5
18,0.0,2.0
19,207.60423,186.0
20,21.09498,22.5
21,19.58209,14.5
22,34.51394,25.0
23,27.94623,24.0
24,20.993748,20.5
