ozone_id,estimate_generation,target_generation
1,170.08824,690.0
2,195.61432,340.0
12,189.4522,454.5
13,196.81256,315.0
18,180.9642,550.0
20,183.62996,522.5
