cross_id,estimate_cross_count,target_cross_count
1,0.0,3.5
2,2.3933275,5.5
3,161.1638,296.5
4,220.71573,378.5
5,131.41171,158.0
6,162.68602,154.0
7,23.741547,22.5
8,147.66895,114.0
9,95.312,128.0
10,266.93243,287.0
11,236.77733,412.5
12,70.89195,123.5
13,0.0,5.5
14,172.47275,282.5
15,88.9122,69.0
16,202.6149,155.0
17,125.367004,94.5
18,0.0,2.0
19,212.55219,186.0
20,15.965204,22.5
21,24.520517,14.5
22,42.19227,25.0
23,29.633467,24.0
24,28.701385,20.5
