ozone_id,estimate_generation,target_generation
1,170.07776,690.0
2,195.67296,340.0
12,189.45009,454.5
13,196.85277,315.0
18,180.9513,550.0
20,183.6385,522.5
