cross_id,estimate_cross_count,target_cross_count
1,0.0,3.5
2,2.6348486,5.5
3,160.58524,296.5
4,224.60829,378.5
5,135.08989,158.0
6,164.34555,154.0
7,24.042343,22.5
8,149.28062,114.0
9,97.96416,128.0
10,268.53305,287.0
11,235.13852,412.5
12,67.57588,123.5
13,0.0,5.5
14,173.8547,282.5
15,88.665794,69.0
16,204.97984,155.0
17,128.09059,94.5
18,0.0,2.0
19,214.50224,186.0
20,16.1391,22.5
21,26.034334,14.5
22,42.339508,25.0
23,30.381329,24.0
24,29.533524,20.5
