ozone_id,estimate_generation,target_generation
1,168.89731,690.0
2,195.93013,340.0
12,189.37715,454.5
13,196.83716,315.0
18,180.15785,550.0
20,184.08134,522.5
