ozone_id,estimate_generation,target_generation
1,169.78748,690.0
2,196.00124,340.0
12,189.42714,454.5
13,197.05054,315.0
18,180.73866,550.0
20,183.7614,522.5
