ozone_id,estimate_generation,target_generation
1,170.41043,690.0
2,194.93372,340.0
12,189.48334,454.5
13,196.34969,315.0
18,181.22055,550.0
20,183.47768,522.5
