cross_id,estimate_cross_count,target_cross_count
1,0.0,3.5
2,2.3614094,5.5
3,159.88995,296.5
4,224.92632,378.5
5,115.77168,158.0
6,147.99446,154.0
7,18.04984,22.5
8,128.13318,114.0
9,81.17029,128.0
10,239.05518,287.0
11,240.35902,412.5
12,83.421455,123.5
13,0.0,5.5
14,169.98224,282.5
15,80.342735,69.0
16,186.58232,155.0
17,123.248,94.5
18,0.0,2.0
19,204.15846,186.0
20,13.895522,22.5
21,22.649807,14.5
22,35.76301,25.0
23,30.492512,24.0
24,29.236578,20.5
