cross_id,estimate_cross_count,target_cross_count
1,0.0,3.5
2,2.3519099,5.5
3,160.34924,296.5
4,221.10515,378.5
5,132.1542,158.0
6,159.9568,154.0
7,23.359558,22.5
8,145.15262,114.0
9,98.46307,128.0
10,264.74734,287.0
11,234.12025,412.5
12,68.010086,123.5
13,0.0,5.5
14,171.56326,282.5
15,86.732895,69.0
16,201.55354,155.0
17,126.644295,94.5
18,0.0,2.0
19,212.37434,186.0
20,15.157944,22.5
21,25.700026,14.5
22,40.520023,25.0
23,29.29151,24.0
24,28.35317,20.5
