ozone_id,estimate_generation,target_generation
1,170.47386,690.0
2,195.54626,340.0
12,189.4754,454.5
13,196.83139,315.0
18,181.22032,550.0
20,183.48607,522.5
