ozone_id,estimate_generation,target_generation
1,170.9405,690.0
2,195.86096,340.0
12,189.49554,454.5
13,197.15273,315.0
18,181.50107,550.0
20,183.33379,522.5
