cross_id,estimate_cross_count,target_cross_count
1,0.0,3.5
2,2.1359942,5.5
3,154.14066,296.5
4,215.55852,378.5
5,118.741425,158.0
6,154.5087,154.0
7,18.453926,22.5
8,133.77866,114.0
9,89.173546,128.0
10,238.26698,287.0
11,225.4439,412.5
12,76.87949,123.5
13,0.0,5.5
14,159.5773,282.5
15,71.299286,69.0
16,189.0236,155.0
17,121.841934,94.5
18,0.0,2.0
19,208.47475,186.0
20,22.91857,22.5
21,20.677845,14.5
22,32.149986,25.0
23,30.45837,24.0
24,27.576801,20.5
