ozone_id,estimate_generation,target_generation
1,169.73062,690.0
2,195.34003,340.0
12,189.43655,454.5
13,196.53488,315.0
18,180.74704,550.0
20,183.747,522.5
