ozone_id,estimate_generation,target_generation
1,171.36853,690.0
2,195.4655,340.0
12,189.52827,454.5
13,196.94112,315.0
18,181.811,550.0
20,183.15382,522.5
