cross_id,estimate_cross_count,target_cross_count
1,0.0,3.5
2,2.5248182,5.5
3,162.21715,296.5
4,227.51892,378.5
5,137.3276,158.0
6,165.65349,154.0
7,23.9058,22.5
8,150.1778,114.0
9,101.3782,128.0
10,269.3949,287.0
11,236.40994,412.5
12,67.04752,123.5
13,0.0,5.5
14,175.40645,282.5
15,89.306114,69.0
16,204.89429,155.0
17,128.20145,94.5
18,0.0,2.0
19,214.86336,186.0
20,15.213514,22.5
21,26.06633,14.5
22,41.866173,25.0
23,29.75408,24.0
24,28.785042,20.5
