ozone_id,estimate_generation,target_generation
1,169.32497,690.0
2,195.59442,340.0
12,189.40895,454.5
13,196.6591,315.0
18,180.46579,550.0
20,183.90611,522.5
