cross_id,estimate_cross_count,target_cross_count
1,0.0,3.5
2,2.326332,5.5
3,153.93584,296.5
4,219.25098,378.5
5,133.23468,158.0
6,158.49442,154.0
7,23.755062,22.5
8,143.70274,114.0
9,97.76652,128.0
10,261.45807,287.0
11,227.95473,412.5
12,63.85957,123.5
13,0.0,5.5
14,166.97154,282.5
15,85.07042,69.0
16,198.89761,155.0
17,123.033424,94.5
18,0.0,2.0
19,204.8873,186.0
20,13.175718,22.5
21,24.243586,14.5
22,39.75739,25.0
23,30.30225,24.0
24,27.629002,20.5
