ozone_id,estimate_generation,target_generation
1,171.17435,690.0
2,194.93358,340.0
12,189.52747,454.5
13,196.4999,315.0
18,181.72166,550.0
20,183.19656,522.5
