cross_id,estimate_cross_count,target_cross_count
1,0.0,3.5
2,2.2556424,5.5
3,159.11784,296.5
4,219.47221,378.5
5,133.42851,158.0
6,161.1677,154.0
7,23.918642,22.5
8,146.45523,114.0
9,99.35373,128.0
10,261.88007,287.0
11,231.90295,412.5
12,66.303635,123.5
13,0.0,5.5
14,168.20131,282.5
15,84.583725,69.0
16,200.40169,155.0
17,126.59002,94.5
18,0.0,2.0
19,213.33228,186.0
20,15.360549,22.5
21,24.713436,14.5
22,38.70077,25.0
23,28.929169,24.0
24,29.606052,20.5
