ozone_id,estimate_generation,target_generation
1,170.70953,690.0
2,195.7383,340.0
12,189.48544,454.5
13,197.02283,315.0
18,181.36224,550.0
20,183.40967,522.5
