cross_id,estimate_cross_count,target_cross_count
1,0.0,3.5
2,2.3816433,5.5
3,161.8586,296.5
4,223.32872,378.5
5,133.01022,158.0
6,162.4167,154.0
7,23.971272,22.5
8,147.73552,114.0
9,97.88699,128.0
10,266.76672,287.0
11,235.70375,412.5
12,68.77612,123.5
13,0.0,5.5
14,173.75041,282.5
15,88.59416,69.0
16,204.14578,155.0
17,128.161,94.5
18,0.0,2.0
19,216.31976,186.0
20,16.134546,22.5
21,26.09404,14.5
22,41.86623,25.0
23,30.536955,24.0
24,29.6725,20.5
