ozone_id,estimate_generation,target_generation
1,171.73376,690.0
2,195.54796,340.0
12,189.5472,454.5
13,197.0723,315.0
18,182.04225,550.0
20,183.0245,522.5
