ozone_id,estimate_generation,target_generation
1,169.96419,690.0
2,195.53267,340.0
12,189.44623,454.5
13,196.72467,315.0
18,180.88632,550.0
20,183.67227,522.5
