cross_id,estimate_cross_count,target_cross_count
1,0.0,3.5
2,2.2341158,5.5
3,167.74606,296.5
4,237.4659,378.5
5,129.3139,158.0
6,160.18979,154.0
7,23.081846,22.5
8,144.73988,114.0
9,95.08943,128.0
10,257.11267,287.0
11,239.40465,412.5
12,83.9283,123.5
13,0.0,5.5
14,174.15775,282.5
15,86.95951,69.0
16,200.89081,155.0
17,129.00801,94.5
18,0.0,2.0
19,217.17946,186.0
20,16.81882,22.5
21,25.78334,14.5
22,40.34234,25.0
23,31.630661,24.0
24,30.4892,20.5
