ozone_id,estimate_generation,target_generation
1,170.31836,690.0
2,195.82195,340.0
12,189.46127,454.5
13,197.01231,315.0
18,181.09947,550.0
20,183.55771,522.5
