ozone_id,estimate_generation,target_generation
1,171.25049,690.0
2,195.3575,340.0
12,189.52327,454.5
13,196.83357,315.0
18,181.73991,550.0
20,183.1926,522.5
