ozone_id,estimate_generation,target_generation
1,169.46571,690.0
2,195.45493,340.0
12,189.4194,454.5
13,196.57599,315.0
18,180.56648,550.0
20,183.84879,522.5
