cross_id,estimate_cross_count,target_cross_count
1,0.0,3.5
2,2.5891213,5.5
3,160.4472,296.5
4,221.34097,378.5
5,131.82222,158.0
6,161.2947,154.0
7,23.33765,22.5
8,147.29008,114.0
9,96.91939,128.0
10,266.48267,287.0
11,235.62091,412.5
12,69.444756,123.5
13,0.0,5.5
14,172.06432,282.5
15,87.85745,69.0
16,204.0097,155.0
17,126.54256,94.5
18,0.0,2.0
19,212.62135,186.0
20,15.094654,22.5
21,25.05297,14.5
22,42.23631,25.0
23,29.633501,24.0
24,28.769081,20.5
