ozone_id,estimate_generation,target_generation
1,170.82639,690.0
2,195.77448,340.0
12,189.49097,454.5
13,197.06888,315.0
18,181.43376,550.0
20,183.37001,522.5
