cross_id,estimate_cross_count,target_cross_count
1,0.0,3.5
2,1.9666911,5.5
3,149.06607,296.5
4,205.68419,378.5
5,121.56147,158.0
6,150.6066,154.0
7,20.824064,22.5
8,133.19168,114.0
9,88.80554,128.0
10,250.84315,287.0
11,221.92189,412.5
12,62.134037,123.5
13,0.0,5.5
14,164.19322,282.5
15,80.93914,69.0
16,193.35648,155.0
17,124.922424,94.5
18,0.0,2.0
19,213.54291,186.0
20,22.470085,22.5
21,22.638874,14.5
22,37.052998,25.0
23,29.75652,24.0
24,26.056784,20.5
