ozone_id,estimate_generation,target_generation
1,169.57352,690.0
2,195.62723,340.0
12,189.42213,454.5
13,196.72664,315.0
18,180.62442,550.0
20,183.81927,522.5
