cross_id,estimate_cross_count,target_cross_count
1,0.0,3.5
2,2.5646193,5.5
3,161.08392,296.5
4,220.53961,378.5
5,131.14954,158.0
6,161.68434,154.0
7,23.637974,22.5
8,147.38654,114.0
9,95.67436,128.0
10,266.21567,287.0
11,235.39606,412.5
12,70.34631,123.5
13,0.0,5.5
14,173.79614,282.5
15,90.4178,69.0
16,203.34958,155.0
17,126.57696,94.5
18,0.0,2.0
19,215.08672,186.0
20,16.29358,22.5
21,23.994328,14.5
22,43.804394,25.0
23,30.296963,24.0
24,29.649996,20.5
