cross_id,estimate_cross_count,target_cross_count
1,0.0,3.5
2,2.3569603,5.5
3,153.47624,296.5
4,213.40265,378.5
5,126.18581,158.0
6,157.41818,154.0
7,22.20719,22.5
8,139.43158,114.0
9,91.690384,128.0
10,259.87924,287.0
11,229.11885,412.5
12,64.947815,123.5
13,0.0,5.5
14,167.07549,282.5
15,85.04761,69.0
16,194.60449,155.0
17,127.78027,94.5
18,0.0,2.0
19,211.53981,186.0
20,14.766994,22.5
21,24.628307,14.5
22,39.886547,25.0
23,29.611296,24.0
24,26.421375,20.5
