cross_id,estimate_cross_count,target_cross_count
1,0.0,3.5
2,2.3546386,5.5
3,157.45758,296.5
4,222.40985,378.5
5,132.37796,158.0
6,158.40897,154.0
7,24.215572,22.5
8,143.95058,114.0
9,94.48952,128.0
10,255.76137,287.0
11,231.74886,412.5
12,66.402176,123.5
13,0.0,5.5
14,168.97,282.5
15,84.71494,69.0
16,205.70956,155.0
17,130.1871,94.5
18,0.0,2.0
19,222.68587,186.0
20,23.738605,22.5
21,25.130009,14.5
22,38.633766,25.0
23,30.495058,24.0
24,30.591087,20.5
