ozone_id,estimate_generation,target_generation
1,170.7946,690.0
2,196.08592,340.0
12,189.4832,454.5
13,197.29881,315.0
18,181.3919,550.0
20,183.39832,522.5
