cross_id,estimate_cross_count,target_cross_count
1,0.0,3.5
2,1.9809706,5.5
3,157.49599,296.5
4,223.73923,378.5
5,128.96045,158.0
6,155.35387,154.0
7,22.991507,22.5
8,138.14232,114.0
9,94.28164,128.0
10,265.58502,287.0
11,240.29483,412.5
12,77.143036,123.5
13,0.0,5.5
14,176.45038,282.5
15,83.31528,69.0
16,198.96025,155.0
17,128.33961,94.5
18,0.0,2.0
19,213.21605,186.0
20,21.43093,22.5
21,22.914125,14.5
22,39.521606,25.0
23,32.644936,24.0
24,25.67659,20.5
