cross_id,estimate_cross_count,target_cross_count
1,0.0,3.5
2,2.502621,5.5
3,161.05348,296.5
4,223.40526,378.5
5,134.38936,158.0
6,162.01031,154.0
7,23.36915,22.5
8,146.86652,114.0
9,99.90685,128.0
10,267.56808,287.0
11,235.01862,412.5
12,68.44633,123.5
13,0.0,5.5
14,173.32686,282.5
15,88.8494,69.0
16,202.83879,155.0
17,127.2183,94.5
18,0.0,2.0
19,214.03593,186.0
20,15.541786,22.5
21,25.877432,14.5
22,42.593735,25.0
23,30.343245,24.0
24,29.505255,20.5
