cross_id,estimate_cross_count,target_cross_count
1,0.0,3.5
2,2.4089956,5.5
3,161.54893,296.5
4,221.76132,378.5
5,132.36356,158.0
6,163.99736,154.0
7,23.554722,22.5
8,147.7228,114.0
9,97.066414,128.0
10,268.01172,287.0
11,238.38991,412.5
12,71.651634,123.5
13,0.0,5.5
14,173.84807,282.5
15,88.45372,69.0
16,204.29465,155.0
17,128.22787,94.5
18,0.0,2.0
19,215.43045,186.0
20,16.301203,22.5
21,25.577286,14.5
22,41.740032,25.0
23,30.369888,24.0
24,29.444523,20.5
