ozone_id,estimate_generation,target_generation
1,170.49644,690.0
2,195.33345,340.0
12,189.48073,454.5
13,196.67294,315.0
18,181.24931,550.0
20,183.46693,522.5
