ozone_id,estimate_generation,target_generation
1,170.23491,690.0
2,195.39299,340.0
12,189.46445,454.5
13,196.66881,315.0
18,181.07388,550.0
20,183.56572,522.5
