ozone_id,estimate_generation,target_generation
1,171.13448,690.0
2,195.29211,340.0
12,189.51813,454.5
13,196.76372,315.0
18,181.67,550.0
20,183.23077,522.5
