cross_id,estimate_cross_count,target_cross_count
1,0.0,3.5
2,1.9552078,5.5
3,139.3821,296.5
4,192.44255,378.5
5,113.27893,158.0
6,146.85219,154.0
7,18.32023,22.5
8,127.776794,114.0
9,80.78695,128.0
10,239.75359,287.0
11,213.89384,412.5
12,59.55172,123.5
13,0.0,5.5
14,154.05455,282.5
15,76.94504,69.0
16,187.74228,155.0
17,123.16079,94.5
18,0.0,2.0
19,210.73293,186.0
20,22.870865,22.5
21,21.49471,14.5
22,34.423122,25.0
23,27.306953,24.0
24,26.818304,20.5
