cross_id,estimate_cross_count,target_cross_count
1,0.0,3.5
2,2.2275012,5.5
3,162.42308,296.5
4,219.48096,378.5
5,129.50557,158.0
6,160.77663,154.0
7,23.869846,22.5
8,145.94458,114.0
9,96.02261,128.0
10,265.70172,287.0
11,236.83018,412.5
12,71.964615,123.5
13,0.0,5.5
14,173.02444,282.5
15,87.500015,69.0
16,203.35516,155.0
17,128.50014,94.5
18,0.0,2.0
19,216.60211,186.0
20,17.07941,22.5
21,25.58826,14.5
22,40.655155,25.0
23,29.730633,24.0
24,28.75279,20.5
