cross_id,estimate_cross_count,target_cross_count
1,0.0,3.5
2,2.351106,5.5
3,161.0499,296.5
4,219.17665,378.5
5,129.768,158.0
6,161.50565,154.0
7,23.95211,22.5
8,147.68538,114.0
9,94.860435,128.0
10,265.93393,287.0
11,235.38115,412.5
12,70.372444,123.5
13,0.0,5.5
14,171.49481,282.5
15,88.348236,69.0
16,202.89761,155.0
17,126.20114,94.5
18,0.0,2.0
19,213.7685,186.0
20,15.761459,22.5
21,25.128204,14.5
22,41.490128,25.0
23,29.356655,24.0
24,28.560553,20.5
