ozone_id,estimate_generation,target_generation
1,169.93895,690.0
2,195.80154,340.0
12,189.43983,454.5
13,196.92638,315.0
18,180.85237,550.0
20,183.69525,522.5
