cross_id,estimate_cross_count,target_cross_count
1,0.0,3.5
2,2.0623064,5.5
3,145.50385,296.5
4,209.47818,378.5
5,123.76275,158.0
6,155.00462,154.0
7,21.549767,22.5
8,137.77608,114.0
9,87.474915,128.0
10,252.95178,287.0
11,221.13458,412.5
12,61.163925,123.5
13,0.0,5.5
14,161.38898,282.5
15,86.24519,69.0
16,195.75616,155.0
17,126.47428,94.5
18,0.0,2.0
19,212.14255,186.0
20,15.458889,22.5
21,24.860277,14.5
22,40.064342,25.0
23,28.934153,24.0
24,27.73514,20.5
