ozone_id,estimate_generation,target_generation
1,170.7166,690.0
2,195.63063,340.0
12,189.4875,454.5
13,196.93916,315.0
18,181.37234,550.0
20,183.40282,522.5
