ozone_id,estimate_generation,target_generation
1,170.01518,690.0
2,195.03824,340.0
12,189.45847,454.5
13,196.35419,315.0
18,180.95326,550.0
20,183.62814,522.5
