cross_id,estimate_cross_count,target_cross_count
1,0.0,3.5
2,2.1203709,5.5
3,154.72389,296.5
4,221.20859,378.5
5,120.4392,158.0
6,154.21146,154.0
7,18.292028,22.5
8,130.60468,114.0
9,87.064804,128.0
10,247.68213,287.0
11,231.11986,412.5
12,82.16685,123.5
13,0.0,5.5
14,156.79192,282.5
15,74.79941,69.0
16,186.52563,155.0
17,119.31708,94.5
18,0.0,2.0
19,203.25888,186.0
20,22.48652,22.5
21,20.964342,14.5
22,33.57829,25.0
23,31.068443,24.0
24,30.310774,20.5
