ozone_id,estimate_generation,target_generation
1,170.21623,690.0
2,195.50696,340.0
12,189.46062,454.5
13,196.74669,315.0
18,181.05072,550.0
20,183.58113,522.5
