ozone_id,estimate_generation,target_generation
1,170.75688,690.0
2,195.25443,340.0
12,189.49704,454.5
13,196.6608,315.0
18,181.4248,550.0
20,183.36809,522.5
