cross_id,estimate_cross_count,target_cross_count
1,0.0,3.5
2,2.5048497,5.5
3,160.56003,296.5
4,219.72168,378.5
5,130.47314,158.0
6,160.68375,154.0
7,23.979881,22.5
8,147.29326,114.0
9,95.49013,128.0
10,266.0992,287.0
11,234.75204,412.5
12,69.84157,123.5
13,0.0,5.5
14,172.38496,282.5
15,89.205864,69.0
16,201.83139,155.0
17,124.762245,94.5
18,0.0,2.0
19,211.44763,186.0
20,15.221376,22.5
21,24.516832,14.5
22,42.627483,25.0
23,29.672913,24.0
24,28.966042,20.5
