ozone_id,estimate_generation,target_generation
1,170.10564,690.0
2,195.4283,340.0
12,189.45659,454.5
13,196.67229,315.0
18,180.98758,550.0
20,183.61469,522.5
