ozone_id,estimate_generation,target_generation
1,170.58313,690.0
2,195.69107,340.0
12,189.47865,454.5
13,196.9597,315.0
18,181.28067,550.0
20,183.45499,522.5
