cross_id,estimate_cross_count,target_cross_count
1,0.0,3.5
2,2.1440344,5.5
3,144.51822,296.5
4,208.63713,378.5
5,125.21348,158.0
6,153.89899,154.0
7,22.95586,22.5
8,137.98378,114.0
9,88.64957,128.0
10,247.49406,287.0
11,225.2792,412.5
12,61.437386,123.5
13,0.0,5.5
14,169.26329,282.5
15,83.17347,69.0
16,199.05972,155.0
17,126.40848,94.5
18,0.0,2.0
19,217.5757,186.0
20,23.232903,22.5
21,24.679935,14.5
22,38.58174,25.0
23,30.231941,24.0
24,28.118305,20.5
