cross_id,estimate_cross_count,target_cross_count
1,0.0,3.5
2,2.0566735,5.5
3,158.94588,296.5
4,221.40622,378.5
5,125.427124,158.0
6,158.80127,154.0
7,21.779484,22.5
8,141.55113,114.0
9,90.30004,128.0
10,262.35803,287.0
11,238.46304,412.5
12,78.13742,123.5
13,0.0,5.5
14,170.3862,282.5
15,84.53995,69.0
16,197.39111,155.0
17,127.20538,94.5
18,0.0,2.0
19,207.18787,186.0
20,13.2793665,22.5
21,23.676628,14.5
22,39.39023,25.0
23,30.28084,24.0
24,28.143162,20.5
