cross_id,estimate_cross_count,target_cross_count
1,0.0,3.5
2,2.34584,5.5
3,161.09712,296.5
4,224.10553,378.5
5,134.828,158.0
6,160.5258,154.0
7,23.89724,22.5
8,145.78928,114.0
9,100.242714,128.0
10,265.74982,287.0
11,233.47589,412.5
12,67.008644,123.5
13,0.0,5.5
14,170.77383,282.5
15,86.85644,69.0
16,202.02994,155.0
17,127.03856,94.5
18,0.0,2.0
19,212.96698,186.0
20,14.93408,22.5
21,25.546759,14.5
22,40.702328,25.0
23,29.295664,24.0
24,28.34052,20.5
