ozone_id,estimate_generation,target_generation
1,170.2743,690.0
2,195.0303,340.0
12,189.47382,454.5
13,196.3987,315.0
18,181.12537,550.0
20,183.53233,522.5
