ozone_id,estimate_generation,target_generation
1,170.71571,690.0
2,195.63383,340.0
12,189.4873,454.5
13,196.9413,315.0
18,181.37128,550.0
20,183.40344,522.5
