ozone_id,estimate_generation,target_generation
1,168.46724,690.0
2,196.41484,340.0
12,189.34372,454.5
13,197.1375,315.0
18,179.84451,550.0
20,184.26085,522.5
