ozone_id,estimate_generation,target_generation
1,169.90382,690.0
2,196.13725,340.0
12,189.43149,454.5
13,197.17644,315.0
18,180.8065,550.0
20,183.72554,522.5
