cross_id,estimate_cross_count,target_cross_count
1,0.0,3.5
2,2.3460135,5.5
3,160.58928,296.5
4,223.93564,378.5
5,135.3553,158.0
6,162.81903,154.0
7,23.893888,22.5
8,146.53955,114.0
9,99.37733,128.0
10,266.1119,287.0
11,234.2245,412.5
12,67.287125,123.5
13,0.0,5.5
14,173.7467,282.5
15,89.52232,69.0
16,201.47656,155.0
17,126.3247,94.5
18,0.0,2.0
19,214.13492,186.0
20,16.368778,22.5
21,23.494461,14.5
22,42.584564,25.0
23,29.536757,24.0
24,28.51493,20.5
