cross_id,estimate_cross_count,target_cross_count
1,0.0,3.5
2,2.0637825,5.5
3,153.47585,296.5
4,215.29678,378.5
5,127.92363,158.0
6,158.8651,154.0
7,22.346935,22.5
8,140.48055,114.0
9,92.64554,128.0
10,254.5741,287.0
11,229.11678,412.5
12,64.615875,123.5
13,0.0,5.5
14,166.29547,282.5
15,82.583115,69.0
16,197.70245,155.0
17,129.38731,94.5
18,0.0,2.0
19,220.66653,186.0
20,23.127295,22.5
21,24.405859,14.5
22,38.2534,25.0
23,29.128674,24.0
24,28.398697,20.5
