ozone_id,estimate_generation,target_generation
1,170.19745,690.0
2,195.73746,340.0
12,189.45563,454.5
13,196.92358,315.0
18,181.02484,550.0
20,183.59824,522.5
