ozone_id,estimate_generation,target_generation
1,170.96066,690.0
2,195.72763,340.0
12,189.49982,454.5
13,197.0609,315.0
18,181.52603,550.0
20,183.31737,522.5
