cross_id,estimate_cross_count,target_cross_count
1,0.0,3.5
2,2.1249933,5.5
3,147.5346,296.5
4,220.20262,378.5
5,125.76645,158.0
6,159.58931,154.0
7,22.126694,22.5
8,141.85432,114.0
9,92.34769,128.0
10,249.16922,287.0
11,224.49873,412.5
12,73.787796,123.5
13,0.0,5.5
14,160.48395,282.5
15,78.0553,69.0
16,199.03233,155.0
17,124.56314,94.5
18,0.0,2.0
19,210.60245,186.0
20,22.287716,22.5
21,22.524925,14.5
22,36.60643,25.0
23,30.7812,24.0
24,27.628986,20.5
