ozone_id,estimate_generation,target_generation
1,171.37547,690.0
2,195.33588,340.0
12,189.53044,454.5
13,196.83879,315.0
18,181.82137,550.0
20,183.1463,522.5
