cross_id,estimate_cross_count,target_cross_count
1,0.0,3.5
2,2.545279,5.5
3,159.97115,296.5
4,226.53677,378.5
5,137.83247,158.0
6,165.55818,154.0
7,23.174517,22.5
8,149.05963,114.0
9,100.26401,128.0
10,270.0099,287.0
11,235.13152,412.5
12,66.64413,123.5
13,0.0,5.5
14,173.9438,282.5
15,90.77406,69.0
16,205.60602,155.0
17,126.80168,94.5
18,0.0,2.0
19,213.52141,186.0
20,15.190942,22.5
21,24.03226,14.5
22,43.40354,25.0
23,29.419958,24.0
24,28.404457,20.5
