ozone_id,estimate_generation,target_generation
1,170.76648,690.0
2,195.13211,340.0
12,189.49963,454.5
13,196.56735,315.0
18,181.43823,550.0
20,183.35858,522.5
