cross_id,estimate_cross_count,target_cross_count
1,0.0,3.5
2,2.2029617,5.5
3,150.86382,296.5
4,225.55942,378.5
5,127.73422,158.0
6,161.48262,154.0
7,23.035347,22.5
8,143.76135,114.0
9,92.61189,128.0
10,256.43085,287.0
11,227.4118,412.5
12,78.983864,123.5
13,0.0,5.5
14,156.08029,282.5
15,76.770325,69.0
16,197.96553,155.0
17,126.23158,94.5
18,0.0,2.0
19,208.41464,186.0
20,21.932215,22.5
21,21.159779,14.5
22,35.97798,25.0
23,32.957756,24.0
24,30.24169,20.5
