cross_id,estimate_cross_count,target_cross_count
1,0.0,3.5
2,1.8647588,5.5
3,155.94617,296.5
4,207.59483,378.5
5,113.07087,158.0
6,147.2546,154.0
7,17.35128,22.5
8,126.09564,114.0
9,81.92297,128.0
10,242.22052,287.0
11,224.43332,412.5
12,75.90682,123.5
13,0.0,5.5
14,161.17728,282.5
15,75.165665,69.0
16,185.51869,155.0
17,122.701126,94.5
18,0.0,2.0
19,206.02582,186.0
20,22.223783,22.5
21,19.615923,14.5
22,33.146294,25.0
23,28.872402,24.0
24,26.16138,20.5
