cross_id,estimate_cross_count,target_cross_count
1,0.0,3.5
2,2.0834432,5.5
3,149.80815,296.5
4,207.54619,378.5
5,126.26303,158.0
6,158.00864,154.0
7,21.72506,22.5
8,137.90977,114.0
9,92.92377,128.0
10,261.9377,287.0
11,229.5175,412.5
12,63.456585,123.5
13,0.0,5.5
14,170.9324,282.5
15,80.06166,69.0
16,196.7457,155.0
17,127.223816,94.5
18,0.0,2.0
19,209.90295,186.0
20,20.852068,22.5
21,21.628284,14.5
22,37.25286,25.0
23,31.136219,24.0
24,23.228527,20.5
