cross_id,estimate_cross_count,target_cross_count
1,0.0,3.5
2,1.9928132,5.5
3,165.36166,296.5
4,236.25961,378.5
5,132.93025,158.0
6,162.04927,154.0
7,23.12675,22.5
8,145.39323,114.0
9,99.24656,128.0
10,266.20172,287.0
11,237.3696,412.5
12,81.466896,123.5
13,0.0,5.5
14,167.48048,282.5
15,85.44666,69.0
16,205.39714,155.0
17,131.2266,94.5
18,0.0,2.0
19,224.31702,186.0
20,23.533846,22.5
21,25.3502,14.5
22,39.860477,25.0
23,30.235785,24.0
24,29.18124,20.5
