cross_id,estimate_cross_count,target_cross_count
1,0.0,3.5
2,1.9836311,5.5
3,161.70221,296.5
4,228.24754,378.5
5,126.60158,158.0
6,154.71246,154.0
7,22.377289,22.5
8,138.16907,114.0
9,91.6411,128.0
10,249.01509,287.0
11,233.19034,412.5
12,80.303055,123.5
13,0.0,5.5
14,166.18306,282.5
15,75.48859,69.0
16,195.06143,155.0
17,125.03008,94.5
18,0.0,2.0
19,209.57231,186.0
20,22.312443,22.5
21,20.159758,14.5
22,34.143013,25.0
23,29.435177,24.0
24,25.924212,20.5
