ozone_id,estimate_generation,target_generation
1,170.33574,690.0
2,195.64821,340.0
12,189.4655,454.5
13,196.88287,315.0
18,181.12263,550.0
20,183.54208,522.5
