cross_id,estimate_cross_count,target_cross_count
1,0.0,3.5
2,2.2552798,5.5
3,161.21516,296.5
4,223.1395,378.5
5,133.47769,158.0
6,160.97539,154.0
7,23.789146,22.5
8,147.24512,114.0
9,99.35901,128.0
10,265.49115,287.0
11,232.98438,412.5
12,66.58276,123.5
13,0.0,5.5
14,172.03658,282.5
15,87.86926,69.0
16,203.30669,155.0
17,126.94026,94.5
18,0.0,2.0
19,213.59407,186.0
20,14.528475,22.5
21,24.69713,14.5
22,40.959812,25.0
23,28.71391,24.0
24,27.66262,20.5
