ozone_id,estimate_generation,target_generation
1,170.41606,690.0
2,196.05284,340.0
12,189.46205,454.5
13,197.2025,315.0
18,181.14586,550.0
20,183.53532,522.5
