cross_id,estimate_cross_count,target_cross_count
1,0.0,3.5
2,2.382036,5.5
3,161.5923,296.5
4,222.85915,378.5
5,132.27792,158.0
6,165.26434,154.0
7,23.938164,22.5
8,149.94273,114.0
9,96.12455,128.0
10,268.20547,287.0
11,239.03664,412.5
12,70.91524,123.5
13,0.0,5.5
14,174.6804,282.5
15,88.60268,69.0
16,206.05069,155.0
17,128.24525,94.5
18,0.0,2.0
19,215.19081,186.0
20,15.531551,22.5
21,26.16391,14.5
22,41.580544,25.0
23,30.211607,24.0
24,29.268204,20.5
