ozone_id,estimate_generation,target_generation
1,170.5381,690.0
2,196.16176,340.0
12,189.46756,454.5
13,197.31189,315.0
18,181.22098,550.0
20,183.49474,522.5
