cross_id,estimate_cross_count,target_cross_count
1,0.0,3.5
2,2.0279937,5.5
3,152.7016,296.5
4,216.67427,378.5
5,127.99978,158.0
6,157.61572,154.0
7,23.634586,22.5
8,141.93205,114.0
9,92.04525,128.0
10,251.6831,287.0
11,230.96286,412.5
12,65.46344,123.5
13,0.0,5.5
14,170.17186,282.5
15,80.40584,69.0
16,200.64273,155.0
17,130.3135,94.5
18,0.0,2.0
19,219.10953,186.0
20,22.604021,22.5
21,24.45945,14.5
22,38.959476,25.0
23,30.749674,24.0
24,26.03048,20.5
