cross_id,estimate_cross_count,target_cross_count
1,0.0,3.5
2,2.428385,5.5
3,161.88342,296.5
4,223.76428,378.5
5,132.90501,158.0
6,162.02658,154.0
7,24.02192,22.5
8,147.40428,114.0
9,97.17986,128.0
10,266.39575,287.0
11,235.67854,412.5
12,69.1247,123.5
13,0.0,5.5
14,171.8703,282.5
15,87.4613,69.0
16,203.92921,155.0
17,128.06134,94.5
18,0.0,2.0
19,215.77495,186.0
20,16.508018,22.5
21,25.027788,14.5
22,41.01025,25.0
23,29.995876,24.0
24,29.077003,20.5
