cross_id,estimate_cross_count,target_cross_count
1,0.0,3.5
2,2.3556807,5.5
3,161.6437,296.5
4,222.84523,378.5
5,122.230316,158.0
6,154.01001,154.0
7,18.678022,22.5
8,133.58478,114.0
9,90.951195,128.0
10,253.91223,287.0
11,230.41698,412.5
12,79.345085,123.5
13,0.0,5.5
14,164.40508,282.5
15,82.723465,69.0
16,188.03616,155.0
17,123.59681,94.5
18,0.0,2.0
19,206.77463,186.0
20,14.26228,22.5
21,24.719654,14.5
22,39.286484,25.0
23,30.56799,24.0
24,27.566063,20.5
