cross_id,estimate_cross_count,target_cross_count
1,0.0,3.5
2,2.3584008,5.5
3,161.92345,296.5
4,226.1839,378.5
5,136.66422,158.0
6,165.87518,154.0
7,23.79414,22.5
8,148.95123,114.0
9,100.388916,128.0
10,268.23468,287.0
11,236.41269,412.5
12,67.821045,123.5
13,0.0,5.5
14,176.2665,282.5
15,90.65587,69.0
16,204.55783,155.0
17,128.70343,94.5
18,0.0,2.0
19,217.16864,186.0
20,16.363682,22.5
21,25.086637,14.5
22,42.99443,25.0
23,30.171867,24.0
24,28.887247,20.5
