ozone_id,estimate_generation,target_generation
1,170.89354,690.0
2,195.14404,340.0
12,189.5067,454.5
13,196.60184,315.0
18,181.52107,550.0
20,183.3126,522.5
