ozone_id,estimate_generation,target_generation
1,171.68118,690.0
2,194.82053,340.0
12,189.55775,454.5
13,196.50713,315.0
18,182.05627,550.0
20,183.00693,522.5
