ozone_id,estimate_generation,target_generation
1,170.20973,690.0
2,195.5855,340.0
12,189.45882,454.5
13,196.80717,315.0
18,181.04185,550.0
20,183.58702,522.5
