ozone_id,estimate_generation,target_generation
1,170.49362,690.0
2,195.34113,340.0
12,189.48018,454.5
13,196.67662,315.0
18,181.24657,550.0
20,183.46909,522.5
