cross_id,estimate_cross_count,target_cross_count
1,0.0,3.5
2,2.169524,5.5
3,148.21126,296.5
4,219.93378,378.5
5,123.71932,158.0
6,158.2231,154.0
7,20.831839,22.5
8,140.56674,114.0
9,90.87178,128.0
10,247.44858,287.0
11,225.14247,412.5
12,73.966736,123.5
13,0.0,5.5
14,159.2911,282.5
15,79.3971,69.0
16,200.59895,155.0
17,127.443054,94.5
18,0.0,2.0
19,215.91231,186.0
20,23.03789,22.5
21,23.032452,14.5
22,35.94703,25.0
23,31.665592,24.0
24,30.463213,20.5
