ozone_id,estimate_generation,target_generation
1,169.72415,690.0
2,195.40689,340.0
12,189.43495,454.5
13,196.585,315.0
18,180.73837,550.0
20,183.75299,522.5
