cross_id,estimate_cross_count,target_cross_count
1,0.0,3.5
2,2.3866951,5.5
3,160.92288,296.5
4,225.86148,378.5
5,136.84467,158.0
6,165.20628,154.0
7,23.794807,22.5
8,148.10307,114.0
9,99.649895,128.0
10,268.45233,287.0
11,235.96703,412.5
12,67.18567,123.5
13,0.0,5.5
14,173.73914,282.5
15,89.445435,69.0
16,204.26672,155.0
17,128.28261,94.5
18,0.0,2.0
19,215.96121,186.0
20,16.492222,22.5
21,25.546291,14.5
22,42.08669,25.0
23,29.878328,24.0
24,28.648287,20.5
