ozone_id,estimate_generation,target_generation
1,170.01697,690.0
2,195.05171,340.0
12,189.45859,454.5
13,196.36653,315.0
18,180.9545,550.0
20,183.62741,522.5
