cross_id,estimate_cross_count,target_cross_count
1,0.0,3.5
2,1.9340643,5.5
3,155.87639,296.5
4,231.80722,378.5
5,122.46181,158.0
6,149.34457,154.0
7,21.042206,22.5
8,130.36072,114.0
9,86.827034,128.0
10,245.80965,287.0
11,238.15329,412.5
12,84.825615,123.5
13,0.0,5.5
14,161.81335,282.5
15,73.312965,69.0
16,188.51074,155.0
17,117.97259,94.5
18,0.0,2.0
19,198.27625,186.0
20,21.37688,22.5
21,18.172647,14.5
22,31.274927,25.0
23,32.644028,24.0
24,30.352646,20.5
