ozone_id,estimate_generation,target_generation
1,170.4966,690.0
2,195.31596,340.0
12,189.4809,454.5
13,196.6581,315.0
18,181.25021,550.0
20,183.46664,522.5
