ozone_id,estimate_generation,target_generation
1,169.53171,690.0
2,196.02412,340.0
12,189.41212,454.5
13,197.02269,315.0
18,180.5695,550.0
20,183.85553,522.5
