ozone_id,estimate_generation,target_generation
1,169.94455,690.0
2,195.73111,340.0
12,189.44136,454.5
13,196.8731,315.0
18,180.85994,550.0
20,183.68997,522.5
