cross_id,estimate_cross_count,target_cross_count
1,0.0,3.5
2,2.1606305,5.5
3,154.2037,296.5
4,224.56929,378.5
5,121.515465,158.0
6,150.55116,154.0
7,22.718771,22.5
8,135.80154,114.0
9,85.976555,128.0
10,251.43271,287.0
11,239.32253,412.5
12,81.33428,123.5
13,0.0,5.5
14,161.55171,282.5
15,77.06287,69.0
16,195.35626,155.0
17,127.39698,94.5
18,0.0,2.0
19,210.56906,186.0
20,21.669304,22.5
21,18.340994,14.5
22,32.38544,25.0
23,31.517904,24.0
24,29.862597,20.5
