cross_id,estimate_cross_count,target_cross_count
1,0.0,3.5
2,2.4230409,5.5
3,161.6012,296.5
4,228.02364,378.5
5,138.27928,158.0
6,167.96909,154.0
7,23.725166,22.5
8,150.19893,114.0
9,99.779495,128.0
10,270.44717,287.0
11,237.5216,412.5
12,68.1241,123.5
13,0.0,5.5
14,175.67099,282.5
15,90.214615,69.0
16,207.40306,155.0
17,129.10097,94.5
18,0.0,2.0
19,216.29391,186.0
20,16.280678,22.5
21,24.295443,14.5
22,42.32822,25.0
23,29.33014,24.0
24,27.928585,20.5
