ozone_id,estimate_generation,target_generation
1,170.89046,690.0
2,195.15413,340.0
12,189.50612,454.5
13,196.60718,315.0
18,181.51747,550.0
20,183.31496,522.5
