ozone_id,estimate_generation,target_generation
1,170.7769,690.0
2,195.05354,340.0
12,189.50185,454.5
13,196.51059,315.0
18,181.45125,550.0
20,183.35043,522.5
