ozone_id,estimate_generation,target_generation
1,170.1326,690.0
2,195.17543,340.0
12,189.46292,454.5
13,196.48381,315.0
18,181.02277,550.0
20,183.59146,522.5
