ozone_id,estimate_generation,target_generation
1,171.20482,690.0
2,195.79703,340.0
12,189.5123,454.5
13,197.15747,315.0
18,181.68025,550.0
20,183.23232,522.5
