ozone_id,estimate_generation,target_generation
1,171.36906,690.0
2,195.39507,340.0
12,189.52895,454.5
13,196.88208,315.0
18,181.81316,550.0
20,183.15196,522.5
