ozone_id,estimate_generation,target_generation
1,170.14992,690.0
2,194.99327,340.0
12,189.46733,454.5
13,196.34619,315.0
18,181.04585,550.0
20,183.57607,522.5
