ozone_id,estimate_generation,target_generation
1,169.2343,690.0
2,196.40285,340.0
12,189.38763,454.5
13,197.25793,315.0
18,180.34763,550.0
20,183.98415,522.5
