ozone_id,estimate_generation,target_generation
1,170.44312,690.0
2,195.82742,340.0
12,189.46814,454.5
13,197.03867,315.0
18,181.18037,550.0
20,183.51247,522.5
