cross_id,estimate_cross_count,target_cross_count
1,0.0,3.5
2,2.4174123,5.5
3,160.67535,296.5
4,222.42838,378.5
5,133.52252,158.0
6,165.271,154.0
7,24.058874,22.5
8,147.75304,114.0
9,96.603615,128.0
10,268.11017,287.0
11,238.83282,412.5
12,71.564835,123.5
13,0.0,5.5
14,173.08499,282.5
15,88.13903,69.0
16,204.4956,155.0
17,128.64621,94.5
18,0.0,2.0
19,215.79906,186.0
20,16.524658,22.5
21,26.637337,14.5
22,41.66913,25.0
23,30.861706,24.0
24,29.889053,20.5
