cross_id,estimate_cross_count,target_cross_count
1,0.0,3.5
2,2.2970567,5.5
3,163.41125,296.5
4,233.16833,378.5
5,129.48288,158.0
6,155.86421,154.0
7,22.045818,22.5
8,139.3053,114.0
9,96.190735,128.0
10,264.81808,287.0
11,240.82875,412.5
12,84.498535,123.5
13,0.0,5.5
14,166.0915,282.5
15,81.74686,69.0
16,198.21967,155.0
17,128.5565,94.5
18,0.0,2.0
19,216.31644,186.0
20,22.214312,22.5
21,22.907225,14.5
22,38.311104,25.0
23,33.06188,24.0
24,29.447033,20.5
