cross_id,estimate_cross_count,target_cross_count
1,0.0,3.5
2,2.3223205,5.5
3,162.20511,296.5
4,225.95801,378.5
5,135.06271,158.0
6,163.75092,154.0
7,23.87714,22.5
8,148.91396,114.0
9,99.50516,128.0
10,266.60342,287.0
11,235.21498,412.5
12,67.38851,123.5
13,0.0,5.5
14,175.71577,282.5
15,90.116325,69.0
16,204.30905,155.0
17,127.66442,94.5
18,0.0,2.0
19,215.79362,186.0
20,15.453625,22.5
21,24.230497,14.5
22,42.582115,25.0
23,29.565695,24.0
24,28.340786,20.5
