ozone_id,estimate_generation,target_generation
1,170.34293,690.0
2,195.5421,340.0
12,189.46747,454.5
13,196.79999,315.0
18,181.13274,550.0
20,183.53561,522.5
