ozone_id,estimate_generation,target_generation
1,169.92293,690.0
2,195.89905,340.0
12,189.43657,454.5
13,196.99492,315.0
18,180.83327,550.0
20,183.70749,522.5
