cross_id,estimate_cross_count,target_cross_count
1,0.0,3.5
2,2.217304,5.5
3,161.09004,296.5
4,225.43098,378.5
5,136.02798,158.0
6,160.98325,154.0
7,24.081818,22.5
8,144.80867,114.0
9,100.00582,128.0
10,270.88882,287.0
11,236.33769,412.5
12,67.49825,123.5
13,0.0,5.5
14,171.14305,282.5
15,84.609406,69.0
16,205.38132,155.0
17,130.8904,94.5
18,0.0,2.0
19,220.09537,186.0
20,22.273685,22.5
21,23.00048,14.5
22,38.530266,25.0
23,28.818668,24.0
24,26.09235,20.5
