ozone_id,estimate_generation,target_generation
1,170.97289,690.0
2,195.59544,340.0
12,189.5027,454.5
13,196.96106,315.0
18,181.54211,550.0
20,183.30702,522.5
