ozone_id,estimate_generation,target_generation
1,169.46037,690.0
2,195.51973,340.0
12,189.41795,454.5
13,196.62541,315.0
18,180.55896,550.0
20,183.85365,522.5
