ozone_id,estimate_generation,target_generation
1,171.15518,690.0
2,195.04782,340.0
12,189.52345,454.5
13,196.57811,315.0
18,181.69817,550.0
20,183.21188,522.5
