cross_id,estimate_cross_count,target_cross_count
1,0.0,3.5
2,2.3346934,5.5
3,161.56552,296.5
4,224.92126,378.5
5,135.13855,158.0
6,164.14886,154.0
7,23.908344,22.5
8,147.96411,114.0
9,99.28426,128.0
10,267.81943,287.0
11,236.67754,412.5
12,68.83531,123.5
13,0.0,5.5
14,174.25063,282.5
15,88.87631,69.0
16,204.28706,155.0
17,128.3407,94.5
18,0.0,2.0
19,215.5983,186.0
20,15.756446,22.5
21,26.053738,14.5
22,41.715702,25.0
23,30.510872,24.0
24,29.569067,20.5
