cross_id,estimate_cross_count,target_cross_count
1,0.0,3.5
2,2.2945895,5.5
3,160.40215,296.5
4,221.94388,378.5
5,132.96883,158.0
6,160.69167,154.0
7,23.896294,22.5
8,145.91473,114.0
9,98.41145,128.0
10,265.12555,287.0
11,234.24844,412.5
12,68.026566,123.5
13,0.0,5.5
14,172.77696,282.5
15,88.60957,69.0
16,201.87148,155.0
17,126.51518,94.5
18,0.0,2.0
19,213.42166,186.0
20,15.210644,22.5
21,25.192968,14.5
22,42.055504,25.0
23,29.80981,24.0
24,28.818232,20.5
