cross_id,estimate_cross_count,target_cross_count
1,0.0,3.5
2,2.47148,5.5
3,160.32526,296.5
4,222.99542,378.5
5,134.26796,158.0
6,162.75946,154.0
7,23.979307,22.5
8,147.774,114.0
9,97.40987,128.0
10,267.71152,287.0
11,234.40636,412.5
12,67.7906,123.5
13,0.0,5.5
14,171.33875,282.5
15,87.70038,69.0
16,203.4328,155.0
17,126.30231,94.5
18,0.0,2.0
19,212.23563,186.0
20,15.560553,22.5
21,26.319881,14.5
22,41.393173,25.0
23,29.86323,24.0
24,29.155575,20.5
