cross_id,estimate_cross_count,target_cross_count
1,0.0,3.5
2,2.2872312,5.5
3,161.8972,296.5
4,224.9595,378.5
5,135.08252,158.0
6,162.83499,154.0
7,23.859894,22.5
8,147.67947,114.0
9,100.3676,128.0
10,266.59943,287.0
11,235.13228,412.5
12,67.19941,123.5
13,0.0,5.5
14,173.31116,282.5
15,87.84348,69.0
16,203.48328,155.0
17,128.06236,94.5
18,0.0,2.0
19,214.64151,186.0
20,14.921055,22.5
21,25.958466,14.5
22,40.739822,25.0
23,29.461927,24.0
24,28.506886,20.5
