cross_id,estimate_cross_count,target_cross_count
1,0.0,3.5
2,2.3882105,5.5
3,161.30531,296.5
4,220.5065,378.5
5,131.37096,158.0
6,162.08716,154.0
7,23.865671,22.5
8,147.1258,114.0
9,97.084915,128.0
10,265.8639,287.0
11,236.23882,412.5
12,70.73525,123.5
13,0.0,5.5
14,171.77771,282.5
15,88.188065,69.0
16,202.23932,155.0
17,127.131,94.5
18,0.0,2.0
19,214.2359,186.0
20,14.994814,22.5
21,25.182604,14.5
22,41.76272,25.0
23,29.758804,24.0
24,28.988071,20.5
