cross_id,estimate_cross_count,target_cross_count
1,0.0,3.5
2,2.4166808,5.5
3,161.69904,296.5
4,225.78952,378.5
5,135.15184,158.0
6,162.94672,154.0
7,23.75924,22.5
8,148.0934,114.0
9,99.107506,128.0
10,267.1645,287.0
11,235.21782,412.5
12,67.30199,123.5
13,0.0,5.5
14,173.12927,282.5
15,87.564575,69.0
16,204.534,155.0
17,127.8939,94.5
18,0.0,2.0
19,214.62564,186.0
20,15.632063,22.5
21,25.809502,14.5
22,41.05735,25.0
23,30.241083,24.0
24,29.391323,20.5
