ozone_id,estimate_generation,target_generation
1,170.89413,690.0
2,195.13332,340.0
12,189.50705,454.5
13,196.59325,315.0
18,181.52208,550.0
20,183.31194,522.5
