cross_id,estimate_cross_count,target_cross_count
1,0.0,3.5
2,2.370709,5.5
3,159.73648,296.5
4,219.3886,378.5
5,131.37708,158.0
6,163.62393,154.0
7,23.774773,22.5
8,147.84677,114.0
9,96.96631,128.0
10,265.67065,287.0
11,235.99187,412.5
12,70.08481,123.5
13,0.0,5.5
14,172.76646,282.5
15,88.93933,69.0
16,201.3538,155.0
17,126.26948,94.5
18,0.0,2.0
19,213.43152,186.0
20,15.288004,22.5
21,24.730165,14.5
22,42.143574,25.0
23,29.382137,24.0
24,28.372063,20.5
