cross_id,estimate_cross_count,target_cross_count
1,0.0,3.5
2,2.2803805,5.5
3,162.02773,296.5
4,222.46365,378.5
5,132.0074,158.0
6,160.51904,154.0
7,24.046106,22.5
8,146.21153,114.0
9,97.8212,128.0
10,265.25424,287.0
11,235.37032,412.5
12,69.063934,123.5
13,0.0,5.5
14,173.57065,282.5
15,88.04416,69.0
16,202.56044,155.0
17,127.665344,94.5
18,0.0,2.0
19,215.76587,186.0
20,16.488855,22.5
21,26.170103,14.5
22,41.250923,25.0
23,30.205751,24.0
24,29.227365,20.5
