cross_id,estimate_cross_count,target_cross_count
1,0.0,3.5
2,1.7753716,5.5
3,140.26831,296.5
4,189.06519,378.5
5,110.27655,158.0
6,146.3946,154.0
7,18.74884,22.5
8,127.30826,114.0
9,78.01645,128.0
10,232.14433,287.0
11,210.22893,412.5
12,59.41229,123.5
13,0.0,5.5
14,155.69876,282.5
15,77.46608,69.0
16,183.8134,155.0
17,122.54026,94.5
18,0.0,2.0
19,210.2713,186.0
20,23.186975,22.5
21,23.331888,14.5
22,36.142624,25.0
23,29.231636,24.0
24,28.641647,20.5
