cross_id,estimate_cross_count,target_cross_count
1,0.0,3.5
2,2.5226722,5.5
3,160.58614,296.5
4,225.81836,378.5
5,137.14536,158.0
6,163.83047,154.0
7,23.308994,22.5
8,146.87793,114.0
9,100.40335,128.0
10,267.67773,287.0
11,234.86528,412.5
12,66.77941,123.5
13,0.0,5.5
14,173.34444,282.5
15,88.302826,69.0
16,203.62212,155.0
17,127.24403,94.5
18,0.0,2.0
19,213.28027,186.0
20,15.956225,22.5
21,24.046356,14.5
22,41.976334,25.0
23,29.3865,24.0
24,28.202898,20.5
