ozone_id,estimate_generation,target_generation
1,170.19214,690.0
2,195.75269,340.0
12,189.45479,454.5
13,196.93176,315.0
18,181.01913,550.0
20,183.60185,522.5
