cross_id,estimate_cross_count,target_cross_count
1,0.0,3.5
2,2.1086144,5.5
3,149.14636,296.5
4,214.24155,378.5
5,116.91187,158.0
6,152.806,154.0
7,17.82137,22.5
8,129.46547,114.0
9,83.7973,128.0
10,241.23979,287.0
11,226.95386,412.5
12,77.93735,123.5
13,0.0,5.5
14,161.75348,282.5
15,73.90694,69.0
16,187.30756,155.0
17,121.87719,94.5
18,0.0,2.0
19,201.28903,186.0
20,21.102884,22.5
21,19.876205,14.5
22,33.485775,25.0
23,32.895157,24.0
24,28.199114,20.5
