cross_id,estimate_cross_count,target_cross_count
1,0.0,3.5
2,2.3600485,5.5
3,161.27362,296.5
4,224.23857,378.5
5,135.09271,158.0
6,161.88812,154.0
7,23.890347,22.5
8,146.56596,114.0
9,99.8726,128.0
10,266.0751,287.0
11,234.27249,412.5
12,67.11895,123.5
13,0.0,5.5
14,171.77916,282.5
15,86.627045,69.0
16,202.73344,155.0
17,127.64119,94.5
18,0.0,2.0
19,213.43422,186.0
20,15.452526,22.5
21,25.706137,14.5
22,40.354176,25.0
23,29.286959,24.0
24,28.338114,20.5
