cross_id,estimate_cross_count,target_cross_count
1,0.0,3.5
2,2.258212,5.5
3,160.60655,296.5
4,222.6415,378.5
5,133.7463,158.0
6,160.77452,154.0
7,23.803051,22.5
8,145.76733,114.0
9,99.43723,128.0
10,265.81213,287.0
11,233.37546,412.5
12,67.1788,123.5
13,0.0,5.5
14,171.8872,282.5
15,87.623856,69.0
16,201.46353,155.0
17,127.04186,94.5
18,0.0,2.0
19,213.93413,186.0
20,15.657841,22.5
21,25.778635,14.5
22,40.845787,25.0
23,29.98602,24.0
24,29.320648,20.5
