cross_id,estimate_cross_count,target_cross_count
1,0.0,3.5
2,2.5050027,5.5
3,161.41486,296.5
4,222.47888,378.5
5,131.96878,158.0
6,164.5102,154.0
7,24.070429,22.5
8,149.51233,114.0
9,95.48526,128.0
10,267.5332,287.0
11,237.93243,412.5
12,70.73949,123.5
13,0.0,5.5
14,175.14545,282.5
15,89.43834,69.0
16,205.16367,155.0
17,127.854385,94.5
18,0.0,2.0
19,215.88919,186.0
20,16.519651,22.5
21,25.235872,14.5
22,42.66942,25.0
23,30.498291,24.0
24,29.444874,20.5
