ozone_id,estimate_generation,target_generation
1,170.7632,690.0
2,195.17824,340.0
12,189.49863,454.5
13,196.60278,315.0
18,181.4335,550.0
20,183.36201,522.5
