cross_id,estimate_cross_count,target_cross_count
1,0.0,3.5
2,1.8654103,5.5
3,148.65488,296.5
4,207.74274,378.5
5,113.11991,158.0
6,144.53848,154.0
7,18.668694,22.5
8,125.52451,114.0
9,79.2529,128.0
10,234.81924,287.0
11,227.42079,412.5
12,73.112404,123.5
13,0.0,5.5
14,162.13654,282.5
15,76.25102,69.0
16,182.3742,155.0
17,116.76478,94.5
18,0.0,2.0
19,195.69144,186.0
20,13.953993,22.5
21,20.089855,14.5
22,32.272408,25.0
23,28.773848,24.0
24,28.630476,20.5
