ozone_id,estimate_generation,target_generation
1,171.0279,690.0
2,195.04137,340.0
12,189.51616,454.5
13,196.54692,315.0
18,181.61478,550.0
20,183.25887,522.5
