ozone_id,estimate_generation,target_generation
1,171.54692,690.0
2,194.91896,340.0
12,189.5483,454.5
13,196.55711,315.0
18,181.96281,550.0
20,183.06097,522.5
