cross_id,estimate_cross_count,target_cross_count
1,0.0,3.5
2,2.1695602,5.5
3,156.82219,296.5
4,220.06467,378.5
5,133.41594,158.0
6,161.76796,154.0
7,23.674788,22.5
8,146.7084,114.0
9,99.92573,128.0
10,260.66846,287.0
11,231.00667,412.5
12,65.27702,123.5
13,0.0,5.5
14,169.46709,282.5
15,83.64716,69.0
16,201.89178,155.0
17,125.48,94.5
18,0.0,2.0
19,210.74568,186.0
20,14.567149,22.5
21,25.425352,14.5
22,38.96896,25.0
23,30.95229,24.0
24,28.43911,20.5
