ozone_id,estimate_generation,target_generation
1,170.09343,690.0
2,195.51738,340.0
12,189.4539,454.5
13,196.737,315.0
18,180.97258,550.0
20,183.62418,522.5
