cross_id,estimate_cross_count,target_cross_count
1,0.0,3.5
2,1.8106129,5.5
3,145.66614,296.5
4,213.62051,378.5
5,118.33293,158.0
6,147.20279,154.0
7,20.482683,22.5
8,129.2432,114.0
9,83.62571,128.0
10,240.2032,287.0
11,223.08073,412.5
12,72.926315,123.5
13,0.0,5.5
14,163.88202,282.5
15,77.60114,69.0
16,188.7193,155.0
17,117.741684,94.5
18,0.0,2.0
19,201.58188,186.0
20,22.126657,22.5
21,22.0621,14.5
22,36.20663,25.0
23,31.203964,24.0
24,27.341322,20.5
