cross_id,estimate_cross_count,target_cross_count
1,0.0,3.5
2,2.2379463,5.5
3,161.06493,296.5
4,221.42181,378.5
5,132.162,158.0
6,160.33829,154.0
7,23.958002,22.5
8,146.58138,114.0
9,97.53015,128.0
10,266.01968,287.0
11,233.70612,412.5
12,68.26972,123.5
13,0.0,5.5
14,173.82425,282.5
15,90.343315,69.0
16,202.17738,155.0
17,125.54265,94.5
18,0.0,2.0
19,213.24896,186.0
20,15.298633,22.5
21,25.137115,14.5
22,42.763145,25.0
23,29.985098,24.0
24,29.325949,20.5
