ozone_id,estimate_generation,target_generation
1,170.51042,690.0
2,195.14891,340.0
12,189.4845,454.5
13,196.53027,315.0
18,181.26918,550.0
20,183.45396,522.5
