ozone_id,estimate_generation,target_generation
1,171.13437,690.0
2,195.26231,340.0
12,189.51837,454.5
13,196.73889,315.0
18,181.67055,550.0
20,183.23016,522.5
