ozone_id,estimate_generation,target_generation
1,172.50815,690.0
2,195.30106,340.0
12,189.5959,454.5
13,197.03769,315.0
18,182.56238,550.0
20,182.72594,522.5
