cross_id,estimate_cross_count,target_cross_count
1,0.0,3.5
2,2.6654165,5.5
3,160.72424,296.5
4,225.27008,378.5
5,135.60405,158.0
6,166.10657,154.0
7,23.966686,22.5
8,150.47533,114.0
9,98.02104,128.0
10,269.03635,287.0
11,236.23364,412.5
12,68.16691,123.5
13,0.0,5.5
14,175.4411,282.5
15,89.833664,69.0
16,206.31247,155.0
17,128.73672,94.5
18,0.0,2.0
19,215.46996,186.0
20,16.289307,22.5
21,24.568121,14.5
22,43.164536,25.0
23,29.675406,24.0
24,28.52078,20.5
