cross_id,estimate_cross_count,target_cross_count
1,0.0,3.5
2,2.4307063,5.5
3,161.39418,296.5
4,225.02109,378.5
5,134.07616,158.0
6,161.8699,154.0
7,23.951805,22.5
8,147.70552,114.0
9,98.72906,128.0
10,265.86023,287.0
11,234.09062,412.5
12,66.9201,123.5
13,0.0,5.5
14,173.08295,282.5
15,87.50107,69.0
16,204.23242,155.0
17,128.30833,94.5
18,0.0,2.0
19,215.72466,186.0
20,15.913561,22.5
21,25.68038,14.5
22,41.187096,25.0
23,30.146492,24.0
24,29.236694,20.5
