cross_id,estimate_cross_count,target_cross_count
1,0.0,3.5
2,2.1172976,5.5
3,159.92293,296.5
4,223.0204,378.5
5,134.03798,158.0
6,158.50638,154.0
7,24.008368,22.5
8,144.16222,114.0
9,100.13048,128.0
10,262.4138,287.0
11,231.65005,412.5
12,66.30468,123.5
13,0.0,5.5
14,170.56868,282.5
15,84.94551,69.0
16,203.97377,155.0
17,127.4517,94.5
18,0.0,2.0
19,220.84326,186.0
20,23.748838,22.5
21,25.262238,14.5
22,39.419643,25.0
23,29.600914,24.0
24,29.047749,20.5
