ozone_id,estimate_generation,target_generation
1,170.88289,690.0
2,195.20789,340.0
12,189.50455,454.5
13,196.64497,315.0
18,181.50815,550.0
20,183.32112,522.5
