ozone_id,estimate_generation,target_generation
1,170.86133,690.0
2,195.42302,340.0
12,189.4993,454.5
13,196.80573,315.0
18,181.47968,550.0
20,183.34003,522.5
