cross_id,estimate_cross_count,target_cross_count
1,0.0,3.5
2,2.2221367,5.5
3,147.55777,296.5
4,211.7476,378.5
5,133.34933,158.0
6,160.41132,154.0
7,22.805927,22.5
8,139.90256,114.0
9,93.06723,128.0
10,262.9642,287.0
11,224.35117,412.5
12,62.76265,123.5
13,0.0,5.5
14,161.02844,282.5
15,83.30495,69.0
16,200.34161,155.0
17,125.30677,94.5
18,0.0,2.0
19,213.39346,186.0
20,22.999979,22.5
21,22.985538,14.5
22,36.895725,25.0
23,29.280643,24.0
24,29.155605,20.5
