cross_id,estimate_cross_count,target_cross_count
1,0.0,3.5
2,2.3567731,5.5
3,153.16466,296.5
4,219.90086,378.5
5,133.93008,158.0
6,156.17628,154.0
7,24.122787,22.5
8,140.95026,114.0
9,96.592255,128.0
10,258.50458,287.0
11,228.90562,412.5
12,64.19838,123.5
13,0.0,5.5
14,170.90909,282.5
15,86.29759,69.0
16,197.80943,155.0
17,121.51289,94.5
18,0.0,2.0
19,205.89691,186.0
20,15.370148,22.5
21,25.67122,14.5
22,40.163822,25.0
23,30.514328,24.0
24,29.372873,20.5
