ozone_id,estimate_generation,target_generation
1,169.98578,690.0
2,195.3619,340.0
12,189.45107,454.5
13,196.59961,315.0
18,180.91338,550.0
20,183.65448,522.5
