cross_id,estimate_cross_count,target_cross_count
1,0.0,3.5
2,2.2689056,5.5
3,168.00922,296.5
4,238.53273,378.5
5,133.0984,158.0
6,158.0021,154.0
7,23.770954,22.5
8,142.74109,114.0
9,98.74972,128.0
10,264.27725,287.0
11,239.8764,412.5
12,82.92487,123.5
13,0.0,5.5
14,174.11566,282.5
15,87.04669,69.0
16,199.65744,155.0
17,126.11015,94.5
18,0.0,2.0
19,211.03735,186.0
20,15.127646,22.5
21,25.79071,14.5
22,40.896782,25.0
23,31.539228,24.0
24,28.99757,20.5
