ozone_id,estimate_generation,target_generation
1,159.33694,690.0
2,183.36368,340.0
12,176.28833,454.5
13,184.75104,315.0
18,168.76181,550.0
20,170.83548,522.5
