cross_id,estimate_cross_count,target_cross_count
1,0.0,3.5
2,2.3009467,5.5
3,160.50168,296.5
4,224.31743,378.5
5,135.43524,158.0
6,161.06833,154.0
7,23.791409,22.5
8,145.93665,114.0
9,100.336685,128.0
10,267.1735,287.0
11,234.23631,412.5
12,67.06396,123.5
13,0.0,5.5
14,170.77121,282.5
15,87.35665,69.0
16,202.4819,155.0
17,126.835396,94.5
18,0.0,2.0
19,212.39719,186.0
20,14.526588,22.5
21,26.0164,14.5
22,40.808556,25.0
23,29.917248,24.0
24,29.40111,20.5
