ozone_id,estimate_generation,target_generation
1,170.4839,690.0
2,195.413,340.0
12,189.47807,454.5
13,196.72812,315.0
18,181.23405,550.0
20,183.47726,522.5
